Season,Team,Player,Games,Minutes,PTS_per_game,TRB_per_game,AST_per_game,FG%,3P%,FT%,TOV_per_game,Fouls,Efficiency
2010-2011,Lions,James Smith,64,1388.8,17.8,0.8,3.4,0.313,0.254,0.796,2.9,13,7.86
2010-2011,Lions,James Garcia,63,1650.6,1.7,2.3,2.1,0.524,0.387,0.639,2.4,10,5.43
2010-2011,Lions,Chris Taylor,58,1838.6,19.2,7.3,1.3,0.428,0.387,0.858,1.4,10,11.06
2010-2011,Lions,Anthony Garcia,53,1102.4,17.7,8.6,2.9,0.52,0.389,0.728,2.4,18,11.61
2010-2011,Lions,James Wilson,64,2393.6,0.0,7.0,3.2,0.429,0.367,0.621,1.7,15,5.48
2010-2011,Lions,Anthony Anderson,79,1967.1,6.3,3.0,4.8,0.473,0.318,0.821,2.1,23,7.13
2010-2011,Hawks,James Martinez,72,2203.2,4.3,2.5,4.8,0.492,0.302,0.758,1.8,18,6.77
2010-2011,Hawks,Anthony Brown,77,2186.8,20.2,7.1,3.4,0.349,0.278,0.839,0.3,16,11.5
2010-2011,Hawks,James Miller,75,2167.5,7.8,2.0,4.6,0.483,0.337,0.865,3.0,28,6.99
2010-2011,Hawks,Chris Martin,70,1890.0,11.0,0.0,3.3,0.449,0.254,0.778,3.6,8,6.65
2010-2011,Hawks,James Wilson,55,1903.0,16.4,13.7,0.4,0.5,0.385,0.785,3.1,10,11.19
2010-2011,Hawks,Chris Wilson,45,1030.5,21.6,8.0,2.3,0.485,0.5,0.778,2.0,9,12.39
2010-2011,Wolves,James Jones,64,1587.2,0.0,5.6,2.2,0.456,0.289,0.753,3.9,13,4.17
2010-2011,Wolves,James Lopez,70,1428.0,28.7,10.0,5.7,0.508,0.361,0.815,3.3,9,15.18
2010-2011,Wolves,Anthony Miller,60,1080.0,6.6,9.5,2.3,0.428,0.385,0.651,3.1,19,7.07
2010-2011,Wolves,Anthony Thomas,68,2577.2,2.7,10.0,1.5,0.36,0.341,0.93,2.0,7,5.71
2010-2011,Wolves,Anthony Moore,52,1424.8,0.0,0.6,6.1,0.543,0.35,0.743,2.1,22,5.72
2010-2011,Wolves,Chris Martin,69,2311.5,10.6,4.7,4.3,0.459,0.208,0.882,1.3,28,8.92
2010-2011,Kings,Chris Davis,65,2184.0,8.3,7.3,2.5,0.51,0.338,0.731,4.3,19,7.4
2010-2011,Kings,James Wilson,47,1189.1,20.4,0.9,4.5,0.497,0.304,0.779,0.3,17,12.02
2010-2011,Kings,James Garcia,61,2000.8,16.3,8.6,2.1,0.464,0.405,0.85,3.4,9,9.97
2010-2011,Kings,Chris Martinez,58,2099.6,0.0,9.2,2.4,0.45,0.305,0.776,3.5,16,5.07
2010-2011,Kings,Chris Johnson,69,1966.5,1.9,2.0,2.3,0.482,0.366,0.859,2.6,14,4.95
2010-2011,Kings,James Martin,82,2492.8,9.0,10.1,5.4,0.577,0.351,0.858,0.3,22,11.42
2010-2011,Raptors,Anthony Thomas,74,2434.6,2.5,2.6,1.7,0.395,0.29,0.726,2.4,18,4.36
2010-2011,Raptors,James Brown,64,1625.6,20.9,4.2,4.9,0.41,0.393,0.887,0.3,8,12.04
2010-2011,Raptors,Anthony Taylor,70,2471.0,13.4,4.6,6.2,0.539,0.291,0.789,2.4,26,10.37
2010-2011,Raptors,Anthony Lopez,73,2000.2,13.5,0.0,4.9,0.495,0.457,0.768,2.2,11,8.88
2010-2011,Raptors,James Thomas,53,1293.2,0.0,7.2,0.0,0.592,0.219,0.9,0.9,13,6.91
2010-2011,Raptors,Chris Hernandez,57,2166.0,12.3,7.7,3.2,0.475,0.409,0.738,0.5,3,10.37
2010-2011,Bulls,Chris Taylor,58,1247.0,23.8,7.1,3.0,0.554,0.366,0.711,3.8,14,12.8
2010-2011,Bulls,James Thomas,54,1452.6,5.9,0.4,4.9,0.584,0.248,0.825,1.2,8,8.07
2010-2011,Bulls,Chris Moore,59,1345.2,12.3,2.0,3.5,0.446,0.341,0.707,1.3,16,8.6
2010-2011,Bulls,Anthony Anderson,70,1547.0,12.7,6.8,0.0,0.488,0.307,0.826,1.1,1,9.5
2010-2011,Bulls,Anthony Johnson,48,1358.4,13.8,1.8,4.3,0.334,0.355,0.683,1.2,9,8.1
2010-2011,Bulls,James Brown,56,1439.2,19.0,2.8,4.7,0.371,0.402,0.895,0.3,6,10.76
2010-2011,Mavericks,Chris Miller,50,1745.0,14.4,3.3,4.3,0.609,0.375,0.8,1.4,5,11.23
2010-2011,Mavericks,Anthony Smith,73,1671.7,12.5,3.1,4.0,0.473,0.443,0.739,1.7,7,9.05
2010-2011,Mavericks,Anthony Jackson,60,1818.0,17.3,1.7,4.7,0.545,0.393,0.93,1.1,4,11.37
2010-2011,Mavericks,Chris Davis,47,1739.0,16.6,4.3,3.6,0.371,0.5,0.79,2.1,12,9.22
2010-2011,Mavericks,Chris Thomas,69,2021.7,6.5,5.9,6.8,0.544,0.487,0.739,0.8,12,9.53
2010-2011,Mavericks,James Williams,65,2249.0,0.2,9.1,2.7,0.42,0.279,0.648,3.0,13,5.12
2010-2011,Heat,James Martinez,63,1965.6,17.8,0.5,2.3,0.445,0.399,0.718,1.9,12,9.4
2010-2011,Heat,Anthony Rodriguez,57,1345.2,12.7,4.1,4.0,0.376,0.332,0.762,3.0,6,7.69
2010-2011,Heat,James Jones,67,1976.5,23.5,1.5,1.7,0.384,0.226,0.921,0.5,7,11.28
2010-2011,Heat,James Rodriguez,78,1365.0,17.3,0.3,5.5,0.298,0.22,0.736,3.2,15,7.73
2010-2011,Heat,James Hernandez,61,2202.1,27.1,6.5,1.8,0.421,0.257,0.788,0.3,15,13.85
2010-2011,Heat,James Brown,82,2648.6,8.7,6.1,6.2,0.56,0.28,0.821,1.8,23,9.77
2010-2011,Nets,James Thomas,71,2421.1,5.9,4.6,5.6,0.498,0.427,0.889,3.6,21,6.99
2010-2011,Nets,James Wilson,66,1696.2,12.7,2.9,0.0,0.43,0.389,0.733,1.8,12,7.79
2010-2011,Nets,Anthony Johnson,78,2012.4,21.5,0.0,5.7,0.541,0.432,0.619,3.2,15,11.4
2010-2011,Nets,James Anderson,39,1396.2,22.1,0.0,3.4,0.547,0.458,0.847,0.3,10,12.63
2010-2011,Nets,James Brown,62,2108.0,13.8,4.4,4.3,0.438,0.358,0.736,0.3,15,10.11
2010-2011,Nets,James Moore,56,1500.8,14.0,0.0,0.0,0.429,0.396,0.84,0.3,14,8.34
2010-2011,Jazz,James Moore,58,1490.6,14.0,5.5,4.3,0.591,0.346,0.716,0.3,7,11.92
2010-2011,Jazz,Chris Martin,64,2483.2,8.4,5.2,3.0,0.533,0.5,0.738,1.4,19,8.79
2010-2011,Jazz,Chris Williams,71,2776.1,16.1,3.4,4.2,0.528,0.426,0.821,3.3,22,9.98
2010-2011,Jazz,Anthony Miller,78,2488.2,10.8,4.9,5.4,0.393,0.389,0.749,2.0,25,8.23
2010-2011,Jazz,Chris Smith,66,1867.8,2.5,6.7,4.3,0.601,0.335,0.798,2.3,23,7.81
2010-2011,Jazz,Anthony Anderson,64,1900.8,16.3,5.1,2.1,0.464,0.446,0.698,2.2,8,9.87
2011-2012,Lions,James Martinez,62,1866.2,3.2,8.8,2.8,0.528,0.387,0.817,2.7,15,7.21
2011-2012,Lions,Chris Brown,71,2556.0,13.4,6.6,2.8,0.551,0.306,0.924,2.0,4,10.41
2011-2012,Lions,Anthony Rodriguez,66,1577.4,17.9,2.5,2.1,0.318,0.324,0.586,0.3,18,9.32
2011-2012,Lions,Chris Martinez,72,2203.2,5.2,4.4,3.0,0.369,0.48,0.85,1.7,14,5.88
2011-2012,Lions,James Thomas,67,1051.9,10.3,2.5,1.0,0.43,0.5,0.831,1.3,17,7.44
2011-2012,Lions,Chris Miller,78,2613.0,12.4,2.6,4.4,0.478,0.432,0.831,3.3,11,8.25
2011-2012,Hawks,Chris Anderson,80,3024.0,16.2,7.9,0.4,0.342,0.46,0.77,2.9,10,8.49
2011-2012,Hawks,Anthony Davis,81,1522.8,2.3,8.8,0.0,0.476,0.351,0.721,1.8,9,6.31
2011-2012,Hawks,Chris Wilson,80,3104.0,7.2,5.3,0.3,0.525,0.444,0.756,2.0,15,7.53
2011-2012,Hawks,Anthony Moore,48,1790.4,6.6,2.2,2.7,0.52,0.313,0.624,0.9,11,7.71
2011-2012,Hawks,Anthony Gonzalez,82,1672.8,2.9,0.0,0.0,0.534,0.48,0.794,1.4,31,5.51
2011-2012,Hawks,Anthony Williams,66,2277.0,8.4,4.6,0.5,0.494,0.375,0.708,0.9,23,8.03
2011-2012,Wolves,Chris Martinez,61,1781.2,7.8,3.5,5.4,0.499,0.351,0.841,2.9,9,7.66
2011-2012,Wolves,James Jackson,50,1130.0,2.6,8.0,5.7,0.561,0.198,0.866,4.7,15,6.78
2011-2012,Wolves,Anthony Smith,43,1659.8,12.3,3.8,3.9,0.377,0.36,0.91,2.7,8,7.65
2011-2012,Wolves,Anthony Garcia,65,1358.5,11.0,0.0,5.0,0.297,0.428,0.858,3.6,13,5.47
2011-2012,Wolves,James Miller,74,1998.0,3.7,9.1,2.8,0.351,0.323,0.746,2.6,32,5.7
2011-2012,Wolves,Anthony Lopez,70,2044.0,29.2,7.4,3.5,0.416,0.385,0.775,2.1,23,14.05
2011-2012,Kings,Chris Miller,63,1713.6,12.3,4.1,4.9,0.605,0.315,0.67,1.9,28,10.59
2011-2012,Kings,James Garcia,56,2116.8,23.7,2.8,4.1,0.564,0.33,0.764,1.3,5,13.48
2011-2012,Kings,Chris Martinez,58,1200.6,12.2,2.2,3.5,0.341,0.386,0.847,0.3,13,8.06
2011-2012,Kings,Anthony Williams,77,1593.9,23.7,5.8,1.6,0.446,0.405,0.786,2.6,8,11.75
2011-2012,Kings,James Wilson,66,1287.0,11.2,1.8,1.5,0.537,0.447,0.829,0.7,11,9.04
2011-2012,Kings,James Hernandez,77,2225.3,28.2,5.7,3.4,0.428,0.371,0.768,2.8,22,13.16
2011-2012,Raptors,James Davis,78,2441.4,12.1,0.6,0.9,0.429,0.311,0.765,2.1,19,7.17
2011-2012,Raptors,Anthony Brown,64,1977.6,12.5,0.0,1.1,0.44,0.263,0.828,3.8,20,6.47
2011-2012,Raptors,Anthony Jackson,62,2287.8,13.0,3.5,1.8,0.429,0.329,0.794,2.2,12,8.15
2011-2012,Raptors,James Taylor,69,2421.9,18.6,0.0,0.0,0.515,0.251,0.762,0.6,1,10.43
2011-2012,Raptors,Chris Taylor,70,2282.0,8.0,0.0,1.9,0.477,0.242,0.795,2.0,18,6.55
2011-2012,Raptors,Anthony Davis,66,1465.2,20.4,4.0,2.9,0.385,0.325,0.709,1.8,24,10.45
2011-2012,Bulls,James Miller,54,1684.8,20.3,6.7,5.0,0.397,0.246,0.9,1.6,9,11.6
2011-2012,Bulls,James Moore,78,2441.4,15.2,11.0,1.7,0.515,0.365,0.801,3.8,19,10.35
2011-2012,Bulls,Chris Jones,70,2408.0,9.4,2.0,0.9,0.312,0.5,0.692,1.7,12,5.67
2011-2012,Bulls,James Thomas,68,2237.2,18.0,2.8,2.7,0.47,0.34,0.909,2.6,18,9.9
2011-2012,Bulls,Anthony Davis,71,2485.0,13.3,0.6,3.8,0.404,0.318,0.827,3.5,14,7.16
2011-2012,Bulls,James Garcia,68,2597.6,13.7,12.3,4.1,0.327,0.42,0.81,3.5,18,8.91
2011-2012,Mavericks,Chris Brown,60,1254.0,18.9,3.7,6.6,0.456,0.342,0.755,1.7,12,11.44
2011-2012,Mavericks,Anthony Hernandez,82,2132.0,9.9,4.7,5.2,0.351,0.396,0.715,2.7,12,7.11
2011-2012,Mavericks,Anthony Davis,41,1238.2,14.5,2.8,1.7,0.358,0.422,0.851,0.9,5,8.38
2011-2012,Mavericks,Chris Hernandez,64,2560.0,15.8,1.7,3.6,0.354,0.417,0.914,4.0,17,7.34
2011-2012,Mavericks,James Miller,59,1191.8,2.2,0.0,4.4,0.443,0.433,0.894,2.1,12,4.92
2011-2012,Mavericks,Chris Martinez,60,1554.0,17.1,4.0,2.4,0.449,0.431,0.725,1.9,13,9.95
2011-2012,Heat,Anthony Taylor,62,1791.8,14.7,9.9,2.8,0.392,0.259,0.775,1.5,24,10.12
2011-2012,Heat,Chris Johnson,82,1787.6,7.0,4.7,5.8,0.454,0.308,0.775,1.2,21,8.14
2011-2012,Heat,Chris Anderson,57,1419.3,20.1,2.2,0.1,0.457,0.331,0.821,2.4,11,9.86
2011-2012,Heat,Chris Moore,64,1510.4,12.6,7.1,1.1,0.45,0.443,0.82,3.6,9,8.12
2011-2012,Heat,Chris Davis,46,1343.2,14.5,8.6,5.4,0.488,0.421,0.765,0.5,9,11.78
2011-2012,Heat,James Davis,74,2360.6,17.8,3.2,2.5,0.484,0.316,0.739,2.4,20,10.12
2011-2012,Nets,Anthony Lopez,73,2284.9,10.3,3.4,2.2,0.385,0.489,0.754,3.5,25,6.31
2011-2012,Nets,James Miller,74,1879.6,14.8,4.4,1.2,0.473,0.266,0.875,1.4,16,9.59
2011-2012,Nets,James Taylor,67,1768.8,16.1,3.1,4.7,0.356,0.37,0.935,0.8,8,9.55
2011-2012,Nets,Anthony Johnson,70,2037.0,14.5,6.0,4.3,0.528,0.393,0.761,2.8,27,10.29
2011-2012,Nets,James Martinez,63,1398.6,19.7,4.1,0.0,0.509,0.317,0.773,2.4,13,10.62
2011-2012,Nets,Anthony Jackson,72,1828.8,15.6,3.7,4.5,0.493,0.285,0.867,1.4,20,10.55
2011-2012,Jazz,James Martinez,61,1384.7,9.6,3.4,2.8,0.494,0.406,0.876,1.0,14,8.56
2011-2012,Jazz,James Miller,72,1728.0,10.5,0.0,4.8,0.435,0.425,0.796,1.8,2,7.56
2011-2012,Jazz,James Garcia,50,620.0,8.1,11.3,0.4,0.28,0.437,0.95,2.4,11,6.37
2011-2012,Jazz,Chris Taylor,61,1049.2,1.8,3.5,2.0,0.442,0.426,0.733,3.0,8,4.56
2011-2012,Jazz,Chris Miller,75,2137.5,8.9,4.7,2.4,0.458,0.421,0.773,1.6,6,7.87
2011-2012,Jazz,James Anderson,70,2107.0,3.7,7.0,0.6,0.522,0.415,0.814,1.5,18,7.1
2012-2013,Lions,Chris Johnson,62,2139.0,12.6,2.1,3.5,0.524,0.315,0.674,4.6,3,7.84
2012-2013,Lions,Anthony Martin,61,1793.4,10.1,4.3,4.2,0.283,0.259,0.784,1.5,12,6.81
2012-2013,Lions,Anthony Wilson,67,1025.1,20.9,3.0,1.3,0.465,0.369,0.876,2.3,21,10.63
2012-2013,Lions,Anthony Jackson,55,1589.5,4.2,4.8,2.8,0.439,0.348,0.839,0.3,6,7.02
2012-2013,Lions,Chris Brown,64,1337.6,12.3,4.3,0.2,0.348,0.18,0.682,2.0,13,7.07
2012-2013,Lions,Chris Wilson,67,1561.1,11.9,5.7,0.5,0.459,0.413,0.741,3.3,10,7.75
2012-2013,Hawks,Chris Moore,64,1056.0,30.7,7.4,7.2,0.369,0.342,0.834,2.6,14,14.52
2012-2013,Hawks,Chris Jones,43,761.1,22.6,9.6,2.8,0.547,0.278,0.716,0.7,4,14.38
2012-2013,Hawks,James Martin,72,1641.6,27.7,5.9,5.2,0.484,0.457,0.711,3.7,15,13.52
2012-2013,Hawks,James Thomas,77,1493.8,13.3,4.9,1.8,0.472,0.483,0.724,3.2,6,8.45
2012-2013,Hawks,Anthony Smith,82,2681.4,24.1,6.5,3.8,0.506,0.349,0.651,2.5,10,13.1
2012-2013,Hawks,Chris Martinez,53,1685.4,10.0,7.6,1.4,0.417,0.452,0.802,0.3,11,8.82
2012-2013,Wolves,Chris Moore,72,1807.2,19.2,2.5,2.7,0.516,0.342,0.84,1.9,28,11.01
2012-2013,Wolves,James Thomas,80,1600.0,15.7,2.1,3.4,0.455,0.276,0.865,2.2,13,9.26
2012-2013,Wolves,Anthony Anderson,60,1728.0,14.9,4.1,0.0,0.451,0.245,0.763,0.3,3,9.65
2012-2013,Wolves,James Smith,77,2009.7,9.2,5.9,2.3,0.597,0.338,0.809,3.2,27,8.77
2012-2013,Wolves,James Williams,57,1453.5,20.9,6.9,5.2,0.354,0.484,0.719,2.2,10,11.13
2012-2013,Wolves,Chris Taylor,56,1092.0,0.0,4.9,0.0,0.371,0.343,0.569,2.9,0,3.24
2012-2013,Kings,James Johnson,57,1322.4,23.7,4.2,1.6,0.447,0.403,0.784,1.8,7,11.84
2012-2013,Kings,Chris Anderson,58,1415.2,14.4,1.5,3.8,0.549,0.386,0.75,0.4,20,10.67
2012-2013,Kings,Anthony Johnson,53,1754.3,16.5,3.8,2.5,0.322,0.386,0.83,0.7,9,9.08
2012-2013,Kings,James Moore,65,2047.5,12.0,0.0,1.9,0.466,0.427,0.731,4.6,0,6.34
2012-2013,Kings,James Jackson,59,1622.5,10.6,0.8,3.9,0.476,0.364,0.807,1.5,2,8.13
2012-2013,Kings,James Williams,57,1647.3,13.1,4.6,4.1,0.409,0.362,0.826,1.9,4,8.81
2012-2013,Raptors,Chris Anderson,77,1270.5,19.9,3.7,4.0,0.496,0.395,0.711,1.6,4,11.67
2012-2013,Raptors,James Wilson,69,2635.8,0.0,2.2,2.6,0.462,0.43,0.768,1.6,21,4.78
2012-2013,Raptors,Anthony Taylor,71,2215.2,12.8,7.4,1.7,0.395,0.42,0.65,2.1,11,8.56
2012-2013,Raptors,Chris Gonzalez,50,1120.0,11.2,7.6,1.7,0.535,0.365,0.885,1.3,9,9.92
2012-2013,Raptors,Anthony Smith,68,1829.2,18.7,0.0,7.8,0.51,0.346,0.736,1.0,17,11.77
2012-2013,Raptors,James Garcia,74,1998.0,19.7,1.8,0.8,0.577,0.407,0.892,1.0,7,11.7
2012-2013,Bulls,Chris Davis,68,1720.4,7.0,10.1,0.0,0.485,0.463,0.509,3.0,12,7.47
2012-2013,Bulls,James Williams,67,1748.7,19.5,5.6,3.3,0.387,0.5,0.781,4.7,26,9.15
2012-2013,Bulls,James Wilson,47,1132.7,4.7,4.4,3.4,0.466,0.444,0.899,3.2,6,6.03
2012-2013,Bulls,Chris Miller,57,1596.0,15.0,4.0,0.3,0.498,0.329,0.746,1.9,10,9.39
2012-2013,Bulls,Chris Garcia,61,1238.3,11.2,6.6,3.5,0.516,0.302,0.678,1.7,8,9.69
2012-2013,Bulls,Chris Taylor,59,1728.7,8.5,0.7,1.9,0.474,0.414,0.833,2.5,10,6.56
2012-2013,Mavericks,Anthony Thomas,63,1386.0,2.9,6.0,4.2,0.541,0.32,0.769,0.3,22,8.17
2012-2013,Mavericks,James Gonzalez,65,2099.5,17.3,8.9,1.3,0.499,0.358,0.948,1.0,20,11.72
2012-2013,Mavericks,Anthony Wilson,68,2026.4,12.4,8.5,3.5,0.343,0.458,0.863,2.7,5,8.2
2012-2013,Mavericks,James Brown,55,918.5,15.2,0.5,0.0,0.539,0.421,0.753,1.8,0,9.15
2012-2013,Mavericks,Anthony Martinez,74,1761.2,14.3,0.0,5.0,0.397,0.25,0.753,1.3,22,8.61
2012-2013,Mavericks,Anthony Moore,60,2172.0,14.3,7.2,3.0,0.539,0.268,0.789,1.5,20,10.97
2012-2013,Heat,James Thomas,50,1405.0,14.9,7.0,3.3,0.462,0.329,0.907,0.7,11,10.8
2012-2013,Heat,James Garcia,55,1716.0,4.7,6.7,3.2,0.572,0.338,0.814,1.1,9,8.56
2012-2013,Heat,Chris Thomas,66,1240.8,2.1,6.3,2.7,0.408,0.301,0.724,2.1,16,5.46
2012-2013,Heat,James Johnson,44,1606.0,21.4,0.0,5.2,0.524,0.36,0.676,3.2,7,11.1
2012-2013,Heat,James Davis,70,2800.0,13.8,1.7,2.3,0.395,0.395,0.716,1.4,5,8.19
2012-2013,Heat,Anthony Jackson,63,1833.3,0.0,5.3,2.9,0.396,0.5,0.857,0.7,17,5.25
2012-2013,Nets,Chris Hernandez,63,2009.7,14.2,5.4,5.9,0.353,0.368,0.734,3.7,0,8.2
2012-2013,Nets,Anthony Anderson,43,1281.4,19.9,6.8,1.4,0.555,0.261,0.885,0.7,7,12.81
2012-2013,Nets,James Jones,71,1363.2,22.3,3.4,3.3,0.531,0.297,0.865,4.0,9,11.34
2012-2013,Nets,Chris Smith,78,1357.2,14.7,0.8,4.9,0.51,0.5,0.894,1.8,7,9.75
2012-2013,Nets,Chris Jackson,70,1932.0,22.9,0.0,7.4,0.487,0.295,0.839,3.6,14,11.42
2012-2013,Nets,Chris Brown,47,1231.4,19.3,6.0,2.7,0.542,0.419,0.845,1.5,7,12.2
2012-2013,Jazz,Chris Davis,47,883.6,7.3,4.0,5.7,0.506,0.293,0.813,4.0,18,7.19
2012-2013,Jazz,Anthony Taylor,61,2055.7,21.7,0.0,2.0,0.605,0.336,0.546,1.9,19,12.01
2012-2013,Jazz,James Rodriguez,65,2099.5,18.6,3.4,2.0,0.461,0.374,0.784,2.1,8,10.22
2012-2013,Jazz,Anthony Jackson,72,2275.2,2.6,3.3,3.2,0.413,0.411,0.775,2.2,11,5.11
2012-2013,Jazz,Anthony Williams,45,706.5,16.1,5.3,3.9,0.459,0.377,0.858,2.5,13,10.01
2012-2013,Jazz,Chris Brown,66,1729.2,13.4,2.0,2.2,0.462,0.373,0.771,0.3,17,9.33
2013-2014,Lions,James Wilson,61,1830.0,18.2,3.4,0.0,0.439,0.468,0.803,2.3,5,9.38
2013-2014,Lions,Chris Wilson,53,1489.3,2.0,6.8,1.3,0.448,0.209,0.748,0.6,0,6.4
2013-2014,Lions,Chris Jones,70,2646.0,19.9,6.5,2.2,0.506,0.458,0.791,0.6,10,12.47
2013-2014,Lions,Anthony Hernandez,82,2263.2,0.0,0.1,2.2,0.523,0.338,0.864,1.4,0,4.99
2013-2014,Lions,James Smith,60,1806.0,13.8,0.7,2.3,0.62,0.261,0.833,0.3,17,10.79
2013-2014,Lions,Anthony Martinez,56,1702.4,3.0,5.4,1.2,0.4,0.395,0.746,2.5,10,4.97
2013-2014,Hawks,Anthony Hernandez,62,2424.2,19.9,6.8,3.3,0.421,0.416,0.69,3.8,11,10.3
2013-2014,Hawks,Chris Thomas,68,1530.0,17.1,3.1,4.3,0.503,0.308,0.69,3.8,12,9.74
2013-2014,Hawks,Anthony Jones,67,2070.3,3.2,5.9,3.2,0.405,0.267,0.828,3.4,14,5.13
2013-2014,Hawks,Chris Moore,50,1085.0,9.0,9.2,2.5,0.417,0.226,0.727,0.5,4,8.96
2013-2014,Hawks,James Thomas,66,1689.6,23.9,7.7,1.8,0.386,0.471,0.913,0.3,13,12.78
2013-2014,Hawks,Anthony Lopez,62,1977.8,25.6,3.0,0.0,0.491,0.471,0.756,1.2,9,12.59
2013-2014,Wolves,Anthony Gonzalez,56,935.2,13.6,9.6,2.9,0.32,0.422,0.65,0.5,9,9.53
2013-2014,Wolves,Chris Taylor,66,1445.4,10.1,6.6,4.7,0.538,0.5,0.845,1.7,18,9.82
2013-2014,Wolves,Anthony Anderson,69,2139.0,13.2,1.8,0.9,0.443,0.372,0.726,2.5,28,7.68
2013-2014,Wolves,Chris Johnson,47,1480.5,11.5,5.9,2.1,0.44,0.37,0.756,0.3,8,9.3
2013-2014,Wolves,James Garcia,50,1595.0,0.0,7.6,3.9,0.48,0.187,0.754,3.4,7,5.4
2013-2014,Wolves,Anthony Taylor,54,1306.8,11.5,1.9,5.5,0.445,0.316,0.676,2.6,13,8.08
2013-2014,Kings,Chris Taylor,53,1388.6,13.1,7.6,3.0,0.34,0.388,0.76,3.6,18,7.65
2013-2014,Kings,Chris Martinez,79,1943.4,25.9,5.6,6.3,0.415,0.336,0.802,2.2,25,13.2
2013-2014,Kings,Chris Thomas,62,2170.0,17.1,3.9,4.3,0.417,0.5,0.567,2.8,1,9.54
2013-2014,Kings,James Rodriguez,62,1705.0,22.6,2.4,5.6,0.367,0.468,0.742,2.1,10,11.0
2013-2014,Kings,Chris Brown,77,2656.5,15.1,1.0,1.6,0.378,0.18,0.881,1.6,12,8.03
2013-2014,Kings,Chris Smith,79,1982.9,6.1,3.8,0.7,0.474,0.33,0.739,1.3,14,6.82
2013-2014,Raptors,Chris Hernandez,71,2293.3,10.8,4.0,1.4,0.356,0.496,0.711,3.9,8,5.93
2013-2014,Raptors,Chris Moore,70,1484.0,15.7,3.5,2.4,0.493,0.322,0.666,2.9,5,9.37
2013-2014,Raptors,Anthony Smith,70,2366.0,9.4,8.0,4.0,0.401,0.472,0.689,1.5,12,8.48
2013-2014,Raptors,James Smith,71,2463.7,19.4,5.2,2.4,0.322,0.255,0.921,0.3,8,10.41
2013-2014,Raptors,James Martin,76,2226.8,18.5,6.1,5.9,0.471,0.413,0.722,2.7,12,11.31
2013-2014,Raptors,James Rodriguez,60,2004.0,18.3,9.6,6.2,0.514,0.222,0.926,3.1,7,12.24
2013-2014,Bulls,Chris Hernandez,73,2350.6,18.1,3.0,5.6,0.579,0.427,0.715,1.0,11,12.44
2013-2014,Bulls,James Williams,59,1628.4,16.4,5.4,3.4,0.433,0.354,0.844,0.3,11,10.86
2013-2014,Bulls,Anthony Taylor,67,2190.9,4.9,1.3,4.2,0.317,0.467,0.798,3.9,6,3.79
2013-2014,Bulls,Chris Davis,60,816.0,6.4,3.9,0.0,0.422,0.201,0.759,3.4,11,5.22
2013-2014,Bulls,James Moore,81,2648.7,21.4,2.2,1.4,0.474,0.234,0.818,1.6,26,11.08
2013-2014,Bulls,James Hernandez,71,2456.6,6.7,7.6,5.9,0.447,0.301,0.722,3.5,33,7.43
2013-2014,Mavericks,Anthony Moore,59,1534.0,15.0,4.7,1.8,0.438,0.366,0.61,2.5,6,8.93
2013-2014,Mavericks,Anthony Miller,53,948.7,0.0,0.4,1.6,0.587,0.318,0.794,2.5,11,5.02
2013-2014,Mavericks,Anthony Gonzalez,64,1331.2,22.2,9.9,0.0,0.378,0.338,0.703,2.6,8,11.12
2013-2014,Mavericks,Anthony Martinez,82,2878.2,13.5,7.6,5.2,0.411,0.295,0.786,3.0,17,9.22
2013-2014,Mavericks,James Johnson,49,1136.8,11.5,4.3,6.9,0.353,0.4,0.899,4.7,7,6.87
2013-2014,Mavericks,James Martinez,69,2166.6,13.4,4.2,3.9,0.28,0.415,0.79,1.7,27,7.59
2013-2014,Heat,Chris Martin,69,1669.8,15.9,0.2,5.1,0.427,0.294,0.73,1.7,13,9.25
2013-2014,Heat,James Smith,65,1651.0,13.4,4.5,1.7,0.394,0.409,0.822,2.1,19,8.15
2013-2014,Heat,James Martin,45,1107.0,3.9,11.3,4.4,0.444,0.423,0.869,3.3,13,7.1
2013-2014,Heat,Chris Wilson,62,1550.0,5.3,6.0,2.7,0.421,0.322,0.896,3.1,23,5.99
2013-2014,Heat,Chris Garcia,70,1981.0,11.8,1.4,0.5,0.486,0.285,0.797,3.3,9,7.13
2013-2014,Heat,Anthony Thomas,82,1812.2,18.9,5.8,5.4,0.372,0.5,0.766,2.8,28,10.23
2013-2014,Nets,Anthony Davis,48,1468.8,16.3,9.8,4.3,0.508,0.339,0.95,1.5,6,12.04
2013-2014,Nets,James Brown,82,1574.4,0.0,4.9,3.0,0.434,0.44,0.707,2.1,13,4.87
2013-2014,Nets,James Taylor,56,1545.6,18.0,10.9,4.2,0.28,0.357,0.784,3.1,12,9.67
2013-2014,Nets,Chris Thomas,77,2340.8,22.9,3.2,3.3,0.508,0.314,0.717,1.2,9,12.65
2013-2014,Nets,James Martinez,70,1190.0,1.1,10.1,1.5,0.464,0.241,0.788,1.1,3,6.74
2013-2014,Nets,James Wilson,78,2737.8,11.2,7.5,6.8,0.503,0.398,0.796,2.8,12,9.85
2013-2014,Jazz,James Thomas,76,1786.0,14.8,1.8,2.6,0.454,0.372,0.789,3.0,10,8.36
2013-2014,Jazz,Chris Miller,66,1544.4,32.4,1.8,1.6,0.512,0.326,0.851,2.2,10,14.42
2013-2014,Jazz,Anthony Jones,57,1328.1,9.3,4.0,1.3,0.442,0.272,0.84,3.1,7,6.72
2013-2014,Jazz,Chris Johnson,57,1658.7,20.9,9.0,0.2,0.52,0.355,0.777,2.6,8,12.01
2013-2014,Jazz,James Smith,75,2737.5,22.2,0.0,2.5,0.315,0.299,0.588,2.5,16,9.06
2013-2014,Jazz,James Davis,60,1398.0,14.2,1.5,0.8,0.366,0.344,0.733,1.5,15,7.63
2014-2015,Lions,Anthony Thomas,76,1238.8,19.9,4.3,3.3,0.384,0.215,0.789,2.7,20,9.98
2014-2015,Lions,James Jackson,70,2114.0,5.5,6.8,0.9,0.527,0.353,0.776,3.0,21,6.96
2014-2015,Lions,Chris Davis,72,1663.2,17.3,2.1,4.6,0.35,0.353,0.714,3.0,22,8.53
2014-2015,Lions,Chris Williams,66,1914.0,16.9,7.9,3.1,0.415,0.412,0.631,3.1,8,9.87
2014-2015,Lions,Anthony Jones,62,2077.0,9.1,6.4,5.3,0.458,0.385,0.77,2.1,5,8.6
2014-2015,Lions,James Rodriguez,62,1258.6,5.7,0.0,3.5,0.568,0.324,0.857,3.4,4,6.39
2014-2015,Hawks,Anthony Moore,52,894.4,9.3,4.1,2.2,0.367,0.328,0.802,1.9,11,6.77
2014-2015,Hawks,Anthony Wilson,58,2030.0,3.8,6.0,5.4,0.484,0.344,0.738,3.2,3,6.66
2014-2015,Hawks,James Davis,55,1408.0,20.7,5.6,1.1,0.428,0.311,0.723,3.2,3,10.23
2014-2015,Hawks,James Martin,81,2673.0,19.6,3.1,2.7,0.35,0.318,0.819,3.6,7,8.74
2014-2015,Hawks,Anthony Johnson,61,1653.1,2.2,6.3,1.6,0.436,0.324,0.717,2.0,10,5.6
2014-2015,Hawks,Anthony Lopez,61,1439.6,14.2,9.5,3.3,0.52,0.249,0.793,0.7,3,11.67
2014-2015,Wolves,Chris Thomas,82,2173.0,9.6,3.8,2.2,0.62,0.354,0.756,2.1,8,9.23
2014-2015,Wolves,Anthony Wilson,80,1536.0,7.7,7.3,3.1,0.488,0.483,0.86,2.2,32,8.17
2014-2015,Wolves,Anthony Jones,58,1589.2,11.8,4.2,0.9,0.339,0.393,0.729,4.3,11,5.8
2014-2015,Wolves,Chris Smith,62,2145.2,14.8,4.0,1.7,0.62,0.389,0.867,0.8,8,11.38
2014-2015,Wolves,James Jones,82,2984.8,15.2,3.4,2.5,0.403,0.267,0.854,2.6,22,8.47
2014-2015,Wolves,James Thomas,61,1799.5,9.0,2.3,6.3,0.459,0.401,0.847,2.2,13,7.91
2014-2015,Kings,Anthony Gonzalez,65,2138.5,20.3,1.9,2.9,0.412,0.408,0.761,2.0,11,10.17
2014-2015,Kings,Anthony Taylor,63,2406.6,28.7,5.6,2.8,0.338,0.299,0.77,1.1,8,13.12
2014-2015,Kings,Anthony Lopez,80,2256.0,12.8,2.5,5.4,0.435,0.318,0.654,1.9,11,8.82
2014-2015,Kings,James Miller,81,3167.1,3.4,1.1,2.4,0.393,0.377,0.754,2.3,24,4.5
2014-2015,Kings,Chris Williams,54,1836.0,6.9,10.9,6.2,0.442,0.283,0.688,3.0,10,8.41
2014-2015,Kings,Chris Martin,74,2960.0,6.6,0.8,3.4,0.53,0.285,0.783,3.6,2,6.32
2014-2015,Raptors,James Williams,78,2886.0,10.4,0.5,5.7,0.446,0.347,0.709,0.5,19,8.57
2014-2015,Raptors,Anthony Martin,71,2073.2,6.7,1.3,0.1,0.411,0.28,0.643,2.8,4,5.0
2014-2015,Raptors,Chris Martinez,74,2249.6,14.1,9.5,0.4,0.511,0.336,0.95,1.5,10,10.57
2014-2015,Raptors,Chris Gonzalez,69,1842.3,6.7,1.6,5.9,0.369,0.378,0.864,3.3,9,5.55
2014-2015,Raptors,James Martin,62,1587.2,1.3,6.1,3.1,0.551,0.294,0.867,3.4,12,6.04
2014-2015,Raptors,Chris Jones,43,1070.7,24.5,5.4,4.4,0.444,0.342,0.631,3.0,13,12.25
2014-2015,Bulls,James Hernandez,63,1789.2,9.5,0.7,2.9,0.501,0.401,0.64,2.3,6,7.43
2014-2015,Bulls,Chris Anderson,78,2340.0,18.3,4.6,2.9,0.555,0.438,0.789,1.8,2,11.64
2014-2015,Bulls,Chris Johnson,68,1849.6,15.9,7.1,5.5,0.474,0.276,0.608,1.0,22,11.53
2014-2015,Bulls,Chris Garcia,82,2181.2,1.8,2.6,5.3,0.409,0.407,0.793,2.9,31,4.76
2014-2015,Bulls,Anthony Hernandez,70,2023.0,25.5,5.5,1.4,0.498,0.396,0.755,1.4,11,13.31
2014-2015,Bulls,Chris Brown,59,1557.6,6.1,5.7,3.6,0.474,0.355,0.766,3.7,12,6.58
2014-2015,Mavericks,Anthony Wilson,59,1309.8,11.5,5.6,7.2,0.344,0.453,0.858,1.1,12,8.9
2014-2015,Mavericks,Chris Jones,60,1746.0,22.6,6.3,4.0,0.42,0.241,0.763,3.4,2,11.34
2014-2015,Mavericks,Anthony Thomas,54,1555.2,5.1,2.1,2.2,0.354,0.282,0.836,0.4,2,5.73
2014-2015,Mavericks,Anthony Williams,58,1879.2,10.6,3.1,3.1,0.328,0.4,0.811,1.5,17,6.95
2014-2015,Mavericks,Anthony Lopez,53,1844.4,13.1,3.5,3.0,0.442,0.458,0.694,1.1,16,9.1
2014-2015,Mavericks,Chris Garcia,59,1970.6,23.9,3.3,4.4,0.369,0.42,0.796,2.6,7,11.1
2014-2015,Heat,Chris Smith,54,1220.4,10.0,3.9,2.3,0.62,0.5,0.804,2.5,9,9.19
2014-2015,Heat,Anthony Wilson,54,1452.6,17.4,8.4,5.0,0.344,0.337,0.662,3.4,8,9.64
2014-2015,Heat,Anthony Davis,64,1977.6,31.4,5.3,2.5,0.363,0.477,0.765,4.0,19,12.61
2014-2015,Heat,James Rodriguez,60,1176.0,13.9,2.7,3.1,0.523,0.228,0.801,2.9,16,9.11
2014-2015,Heat,Anthony Hernandez,51,1555.5,20.4,5.5,2.8,0.53,0.304,0.658,1.8,12,12.18
2014-2015,Heat,Anthony Garcia,75,2340.0,17.9,7.6,2.3,0.44,0.463,0.683,2.5,9,10.5
2014-2015,Nets,Anthony Brown,76,2971.6,17.9,8.0,1.8,0.369,0.428,0.813,2.1,18,9.97
2014-2015,Nets,Chris Thomas,68,2427.6,21.1,6.1,4.7,0.486,0.323,0.841,0.3,20,13.2
2014-2015,Nets,James Jackson,53,1574.1,6.1,6.2,2.9,0.338,0.394,0.734,3.1,10,5.48
2014-2015,Nets,James Moore,68,1516.4,7.9,3.1,4.7,0.567,0.296,0.866,0.3,5,9.45
2014-2015,Nets,Anthony Wilson,55,1094.5,0.9,5.7,2.6,0.477,0.415,0.801,2.8,10,5.3
2014-2015,Nets,Chris Brown,53,1817.9,7.9,1.7,2.6,0.386,0.327,0.808,2.4,5,5.89
2014-2015,Jazz,Anthony Davis,68,2142.0,11.3,4.3,3.8,0.434,0.471,0.847,3.0,7,7.85
2014-2015,Jazz,Anthony Miller,64,1676.8,5.0,5.6,1.9,0.496,0.274,0.918,0.9,14,7.51
2014-2015,Jazz,James Davis,72,1771.2,18.0,0.8,5.9,0.451,0.312,0.756,3.0,10,9.75
2014-2015,Jazz,James Martinez,57,1521.9,3.8,10.0,1.9,0.508,0.377,0.701,2.0,15,7.6
2014-2015,Jazz,James Garcia,63,2217.6,19.2,7.3,2.1,0.374,0.311,0.796,2.7,0,10.03
2014-2015,Jazz,James Hernandez,64,1849.6,10.1,8.4,3.8,0.542,0.343,0.855,4.0,21,8.89
2015-2016,Lions,James Wilson,58,609.0,15.7,0.8,0.0,0.28,0.425,0.79,1.7,19,6.82
2015-2016,Lions,James Williams,71,2676.7,2.3,4.4,0.0,0.434,0.34,0.83,2.1,18,4.86
2015-2016,Lions,Anthony Johnson,72,2880.0,9.8,1.7,3.5,0.394,0.479,0.757,1.3,11,7.27
2015-2016,Lions,James Brown,72,1951.2,7.5,9.5,1.3,0.452,0.412,0.649,2.6,6,7.63
2015-2016,Lions,James Taylor,73,1620.6,16.8,7.8,4.7,0.468,0.341,0.734,3.8,9,10.32
2015-2016,Lions,James Garcia,54,1728.0,6.4,1.6,0.1,0.416,0.353,0.799,3.1,13,4.87
2015-2016,Hawks,James Gonzalez,57,1596.0,12.2,10.5,2.8,0.561,0.393,0.703,2.2,10,10.83
2015-2016,Hawks,James Thomas,54,1625.4,12.2,6.2,3.4,0.404,0.421,0.73,0.3,11,9.47
2015-2016,Hawks,Anthony Smith,59,1787.7,26.0,10.6,2.7,0.392,0.407,0.75,2.5,7,13.13
2015-2016,Hawks,Chris Gonzalez,67,1547.7,20.3,2.7,4.3,0.361,0.422,0.703,2.3,20,9.95
2015-2016,Hawks,James Martin,63,1373.4,15.5,2.0,2.2,0.469,0.469,0.782,2.0,17,9.18
2015-2016,Hawks,James Brown,65,2067.0,19.5,3.5,0.0,0.393,0.457,0.777,1.6,20,9.68
2015-2016,Wolves,Anthony Martin,55,1237.5,0.9,4.8,6.1,0.489,0.352,0.777,0.3,8,7.19
2015-2016,Wolves,James Gonzalez,50,1440.0,10.2,1.9,3.2,0.457,0.481,0.835,2.3,5,7.5
2015-2016,Wolves,Anthony Johnson,54,1706.4,10.6,5.2,5.0,0.344,0.472,0.858,0.3,23,8.51
2015-2016,Wolves,Chris Rodriguez,68,1706.8,15.6,1.6,4.1,0.394,0.5,0.785,2.8,8,8.36
2015-2016,Wolves,James Wilson,73,2036.7,2.1,3.8,6.9,0.51,0.33,0.63,1.0,4,7.37
2015-2016,Wolves,James Davis,46,1504.2,12.4,9.9,1.0,0.45,0.248,0.732,1.7,7,9.55
2015-2016,Kings,Anthony Jackson,59,2124.0,17.8,5.0,0.5,0.465,0.445,0.75,3.6,19,9.29
2015-2016,Kings,James Thomas,81,2413.8,16.1,8.7,3.9,0.415,0.324,0.799,0.5,15,11.25
2015-2016,Kings,Anthony Johnson,75,1117.5,22.7,7.9,2.1,0.488,0.36,0.878,3.2,4,12.09
2015-2016,Kings,James Williams,70,1876.0,12.6,2.3,6.5,0.523,0.301,0.673,1.5,17,10.02
2015-2016,Kings,James Garcia,67,2378.5,17.5,7.4,3.7,0.353,0.344,0.865,1.9,16,10.05
2015-2016,Kings,James Jackson,61,1329.8,11.1,5.4,1.7,0.434,0.285,0.87,1.6,21,8.29
2015-2016,Raptors,Chris Williams,67,2157.4,14.2,2.4,5.3,0.486,0.376,0.794,4.0,8,8.66
2015-2016,Raptors,James Moore,69,1711.2,0.0,0.0,1.0,0.404,0.5,0.836,2.9,9,2.79
2015-2016,Raptors,Chris Garcia,65,2600.0,3.5,5.9,6.2,0.518,0.5,0.797,2.7,13,7.3
2015-2016,Raptors,Anthony Lopez,70,1575.0,17.5,5.4,3.1,0.572,0.339,0.877,3.6,19,10.87
2015-2016,Raptors,Anthony Martin,55,1661.0,25.7,0.0,2.6,0.531,0.351,0.845,3.7,12,11.69
2015-2016,Raptors,James Johnson,70,2002.0,14.1,10.8,2.9,0.425,0.443,0.713,1.3,9,10.57
2015-2016,Bulls,James Gonzalez,82,2287.8,12.9,3.7,4.5,0.375,0.5,0.77,1.5,24,8.51
2015-2016,Bulls,James Williams,56,1808.8,21.8,3.8,7.1,0.495,0.413,0.889,4.0,12,11.67
2015-2016,Bulls,Anthony Martin,72,2620.8,3.9,0.0,2.9,0.327,0.335,0.805,1.7,13,4.17
2015-2016,Bulls,Chris Martinez,54,1765.8,4.6,0.0,2.6,0.514,0.366,0.687,2.1,13,5.99
2015-2016,Bulls,Chris Gonzalez,65,1716.0,15.4,0.0,1.2,0.359,0.468,0.837,2.2,3,7.35
2015-2016,Bulls,Anthony Jackson,72,2613.6,16.0,4.4,4.3,0.469,0.434,0.852,1.7,9,10.38
2015-2016,Mavericks,James Anderson,69,1731.9,14.3,2.1,5.5,0.395,0.204,0.943,2.5,6,8.51
2015-2016,Mavericks,James Davis,63,1543.5,12.0,6.9,4.3,0.468,0.36,0.866,0.3,7,10.37
2015-2016,Mavericks,James Thomas,55,1870.0,6.8,0.6,4.1,0.386,0.332,0.95,2.9,9,5.39
2015-2016,Mavericks,Chris Smith,63,2104.2,16.6,4.7,3.2,0.346,0.225,0.766,1.2,16,9.42
2015-2016,Mavericks,Anthony Jones,66,1544.4,13.1,3.2,7.1,0.477,0.235,0.926,1.2,6,10.16
2015-2016,Mavericks,Anthony Brown,82,2468.2,16.9,6.7,2.6,0.41,0.327,0.909,2.2,27,9.93
2015-2016,Heat,James Thomas,68,2298.4,14.5,0.0,7.2,0.476,0.401,0.75,3.3,6,8.9
2015-2016,Heat,Chris Jones,71,1100.5,16.7,1.3,3.6,0.545,0.426,0.878,3.3,10,9.79
2015-2016,Heat,Anthony Anderson,70,1239.0,7.2,8.7,2.2,0.319,0.5,0.825,2.9,7,6.08
2015-2016,Heat,Chris Miller,67,1976.5,6.2,4.0,0.0,0.426,0.438,0.72,4.3,3,4.77
2015-2016,Heat,Anthony Brown,62,1494.2,10.7,8.6,1.0,0.418,0.412,0.787,2.2,6,8.21
2015-2016,Heat,Chris Wilson,64,2227.2,0.7,2.4,0.0,0.488,0.458,0.765,0.8,6,5.17
2015-2016,Nets,Anthony Taylor,82,2870.0,16.0,0.0,4.2,0.487,0.258,0.801,3.3,21,8.86
2015-2016,Nets,Chris Jackson,58,1629.8,17.1,4.7,5.5,0.478,0.42,0.846,0.7,11,11.6
2015-2016,Nets,James Jackson,61,2092.3,15.2,3.9,0.4,0.338,0.385,0.723,2.8,2,7.4
2015-2016,Nets,Chris Brown,80,2560.0,12.7,9.5,4.9,0.417,0.366,0.623,3.3,13,9.21
2015-2016,Nets,James Taylor,45,940.5,18.1,9.3,3.0,0.381,0.246,0.893,2.5,7,10.45
2015-2016,Nets,James Williams,59,1888.0,16.5,1.8,0.7,0.374,0.323,0.725,3.9,8,7.24
2015-2016,Jazz,James Miller,58,1403.6,6.0,2.9,4.5,0.434,0.252,0.921,2.4,3,6.42
2015-2016,Jazz,Chris Brown,60,1722.0,23.9,1.2,5.0,0.548,0.31,0.758,0.8,10,13.49
2015-2016,Jazz,Chris Williams,64,2048.0,19.6,2.3,0.0,0.449,0.383,0.8,1.6,13,10.03
2015-2016,Jazz,Chris Miller,80,2424.0,9.4,3.0,2.7,0.565,0.345,0.778,1.4,24,8.91
2015-2016,Jazz,James Jones,82,2517.4,12.6,4.6,0.0,0.502,0.371,0.814,1.1,13,9.17
2015-2016,Jazz,Chris Hernandez,60,2046.0,9.3,10.7,3.9,0.361,0.35,0.728,0.3,21,9.17
2016-2017,Lions,James Garcia,62,1494.2,14.3,9.4,3.9,0.541,0.314,0.779,2.0,13,11.36
2016-2017,Lions,Anthony Davis,69,1552.5,16.5,0.0,0.3,0.599,0.319,0.838,4.0,0,9.0
2016-2017,Lions,James Gonzalez,76,2424.4,23.5,1.0,5.9,0.398,0.444,0.777,2.9,15,10.96
2016-2017,Lions,Chris Davis,46,427.8,13.5,3.7,3.8,0.432,0.5,0.798,1.5,10,9.12
2016-2017,Lions,Chris Garcia,60,1716.0,3.5,4.5,2.0,0.371,0.5,0.693,2.0,7,5.06
2016-2017,Lions,Anthony Johnson,67,1366.8,17.9,10.6,1.3,0.535,0.329,0.9,4.6,11,10.8
2016-2017,Hawks,Chris Smith,64,1497.6,15.7,2.4,3.2,0.51,0.487,0.793,3.0,17,9.43
2016-2017,Hawks,Anthony Davis,61,2440.0,8.0,4.8,5.9,0.55,0.361,0.859,1.7,9,9.19
2016-2017,Hawks,Anthony Rodriguez,52,1679.6,17.8,2.8,3.5,0.62,0.452,0.708,3.2,5,11.2
2016-2017,Hawks,James Jackson,36,1004.4,22.9,8.7,3.8,0.412,0.399,0.758,1.4,11,12.79
2016-2017,Hawks,Anthony Lopez,59,2053.2,7.9,10.7,0.0,0.383,0.348,0.621,0.3,0,8.19
2016-2017,Hawks,James Johnson,62,1636.8,14.3,3.9,3.6,0.418,0.417,0.828,1.6,15,9.17
2016-2017,Wolves,Chris Lopez,68,2250.8,21.0,3.7,0.0,0.469,0.37,0.752,1.8,14,10.83
2016-2017,Wolves,Chris Rodriguez,68,2033.2,10.5,5.7,2.4,0.495,0.31,0.786,0.3,11,9.57
2016-2017,Wolves,Anthony Rodriguez,70,1526.0,9.8,0.0,0.3,0.373,0.368,0.807,1.9,11,5.78
2016-2017,Wolves,James Lopez,61,1970.3,13.5,3.5,5.6,0.586,0.26,0.822,5.7,13,8.88
2016-2017,Wolves,Chris Anderson,66,1828.2,15.4,6.8,0.5,0.448,0.18,0.763,0.9,15,10.11
2016-2017,Wolves,Anthony Jones,48,1195.2,18.8,2.5,0.0,0.468,0.313,0.765,1.1,19,10.27
2016-2017,Kings,James Davis,55,1793.0,18.0,0.7,0.5,0.419,0.303,0.818,2.1,17,8.78
2016-2017,Kings,Chris Thomas,68,1638.8,0.0,5.0,0.0,0.404,0.302,0.739,0.4,8,4.84
2016-2017,Kings,James Jackson,76,2652.4,22.7,4.5,3.5,0.531,0.242,0.844,3.6,8,11.92
2016-2017,Kings,Chris Moore,78,3120.0,17.4,6.3,0.8,0.525,0.278,0.81,2.6,0,10.59
2016-2017,Kings,Chris Gonzalez,69,2760.0,0.0,4.3,0.0,0.387,0.206,0.793,3.0,16,3.23
2016-2017,Kings,James Johnson,55,1336.5,13.9,1.8,0.3,0.433,0.284,0.813,3.6,25,7.12
2016-2017,Raptors,James Johnson,65,1859.0,15.6,7.1,1.0,0.362,0.496,0.836,1.7,13,9.07
2016-2017,Raptors,James Miller,61,1787.3,5.2,7.0,3.4,0.465,0.288,0.822,1.0,7,7.79
2016-2017,Raptors,James Davis,65,2600.0,13.2,0.0,1.7,0.498,0.27,0.846,2.2,19,8.18
2016-2017,Raptors,Chris Jackson,59,1427.8,16.0,4.5,2.9,0.56,0.408,0.621,3.0,15,10.38
2016-2017,Raptors,Anthony Wilson,76,1702.4,14.3,4.8,1.1,0.516,0.341,0.872,1.1,4,10.08
2016-2017,Raptors,Anthony Moore,62,1822.8,8.3,0.0,3.8,0.477,0.415,0.75,1.5,21,7.27
2016-2017,Bulls,Anthony Lopez,82,2492.8,23.1,2.8,1.4,0.453,0.395,0.748,2.6,18,11.0
2016-2017,Bulls,Anthony Martin,55,1710.5,18.0,5.0,5.3,0.365,0.397,0.686,0.7,7,10.76
2016-2017,Bulls,Anthony Brown,55,1358.5,10.5,7.0,2.4,0.339,0.451,0.713,1.9,13,7.47
2016-2017,Bulls,Anthony Jackson,66,2283.6,15.4,1.9,7.4,0.464,0.348,0.857,2.3,15,9.97
2016-2017,Bulls,James Rodriguez,82,2156.6,9.8,4.8,5.1,0.345,0.203,0.733,0.3,12,8.22
2016-2017,Bulls,James Jones,70,1589.0,2.0,4.7,4.7,0.331,0.426,0.845,3.1,22,4.24
2016-2017,Mavericks,Anthony Gonzalez,71,2044.8,6.2,9.7,0.9,0.541,0.419,0.882,1.5,13,8.64
2016-2017,Mavericks,Chris Wilson,65,1631.5,13.6,9.2,0.4,0.404,0.299,0.772,1.8,18,9.14
2016-2017,Mavericks,James Wilson,65,1937.0,14.8,5.2,4.4,0.441,0.492,0.95,2.8,14,9.37
2016-2017,Mavericks,Chris Thomas,71,1519.4,13.3,2.3,4.0,0.399,0.332,0.63,0.6,16,8.94
2016-2017,Mavericks,Anthony Hernandez,56,1926.4,5.3,5.9,1.5,0.477,0.237,0.744,1.0,16,7.34
2016-2017,Mavericks,Chris Johnson,69,1421.4,10.6,2.2,4.9,0.539,0.245,0.846,1.0,12,9.49
2016-2017,Heat,James Moore,60,1152.0,9.3,11.6,0.0,0.406,0.5,0.88,1.3,13,8.52
2016-2017,Heat,James Taylor,69,1987.2,24.5,5.5,5.3,0.463,0.197,0.685,0.8,12,13.74
2016-2017,Heat,Chris Hernandez,82,2476.4,11.3,8.2,0.1,0.416,0.309,0.812,3.1,20,7.66
2016-2017,Heat,Chris Davis,69,1780.2,14.2,2.0,4.3,0.415,0.27,0.783,0.3,23,9.52
2016-2017,Heat,Anthony Johnson,72,2160.0,0.6,2.4,3.1,0.432,0.225,0.675,1.7,5,4.75
2016-2017,Heat,James Wilson,78,2418.0,6.4,8.0,4.9,0.47,0.357,0.756,1.4,5,8.5
2016-2017,Nets,Chris Jones,56,1758.4,16.6,3.2,3.7,0.485,0.391,0.748,2.6,19,9.91
2016-2017,Nets,Anthony Jones,52,1196.0,12.2,1.3,0.0,0.527,0.182,0.748,2.9,11,7.74
2016-2017,Nets,Anthony Johnson,61,1305.4,14.4,1.5,3.5,0.46,0.372,0.729,4.4,14,7.72
2016-2017,Nets,James Johnson,62,1835.2,6.6,3.3,7.8,0.396,0.354,0.744,0.8,15,7.76
2016-2017,Nets,James Brown,65,2177.5,17.7,7.2,1.2,0.495,0.413,0.698,1.6,3,11.14
2016-2017,Nets,James Davis,71,2272.0,22.0,3.8,3.9,0.519,0.3,0.708,1.1,11,12.78
2016-2017,Jazz,Anthony Davis,62,1556.2,9.2,7.3,2.1,0.577,0.384,0.734,3.2,16,8.81
2016-2017,Jazz,James Anderson,48,1046.4,11.2,0.0,7.2,0.508,0.359,0.753,1.3,0,9.23
2016-2017,Jazz,Chris Davis,47,1851.8,23.0,2.8,4.8,0.485,0.41,0.666,0.3,14,13.12
2016-2017,Jazz,Chris Jackson,45,1219.5,9.4,3.1,3.6,0.403,0.392,0.791,4.5,2,5.94
2016-2017,Jazz,Anthony Moore,65,1989.0,10.2,0.5,5.5,0.474,0.259,0.815,4.0,12,7.0
2016-2017,Jazz,James Smith,64,2393.6,5.2,9.7,4.9,0.385,0.307,0.738,0.3,14,8.18
2017-2018,Lions,Anthony Brown,82,2263.2,22.7,8.1,1.7,0.399,0.413,0.801,1.5,22,12.01
2017-2018,Lions,Anthony Moore,50,1435.0,3.3,0.9,1.6,0.475,0.306,0.683,2.6,17,4.94
2017-2018,Lions,Chris Brown,71,2754.8,21.9,3.0,4.3,0.444,0.445,0.773,1.1,23,11.92
2017-2018,Lions,James Smith,68,1632.0,8.5,2.5,1.0,0.417,0.39,0.785,1.5,23,6.67
2017-2018,Lions,James Miller,44,1311.2,11.0,1.6,3.7,0.435,0.46,0.849,4.3,6,6.56
2017-2018,Lions,Anthony Rodriguez,78,1638.0,11.2,3.1,4.2,0.49,0.288,0.833,1.5,9,8.97
2017-2018,Hawks,James Williams,65,1872.0,25.5,0.0,2.0,0.426,0.477,0.818,2.6,21,11.01
2017-2018,Hawks,Chris Anderson,63,2009.7,8.3,1.3,6.6,0.476,0.412,0.694,2.6,23,7.53
2017-2018,Hawks,Anthony Rodriguez,62,1271.0,13.3,1.4,0.0,0.399,0.321,0.701,3.6,24,6.46
2017-2018,Hawks,Chris Johnson,71,2151.3,11.0,1.8,6.2,0.446,0.323,0.861,1.9,21,8.41
2017-2018,Hawks,Chris Jones,60,2046.0,18.9,8.5,1.6,0.444,0.5,0.76,3.0,25,10.63
2017-2018,Hawks,Chris Williams,46,1209.8,12.0,0.0,2.1,0.382,0.429,0.641,4.3,12,5.69
2017-2018,Wolves,Chris Martinez,37,1013.8,8.0,1.3,4.8,0.535,0.368,0.765,2.1,4,7.92
2017-2018,Wolves,James Johnson,70,1316.0,4.5,2.1,4.1,0.429,0.469,0.844,1.0,18,6.38
2017-2018,Wolves,Anthony Jackson,60,1848.0,18.0,7.8,3.4,0.562,0.395,0.791,1.6,8,12.46
2017-2018,Wolves,Chris Smith,69,1973.4,13.8,5.9,3.5,0.591,0.318,0.815,1.7,0,11.08
2017-2018,Wolves,James Taylor,63,1411.2,11.5,4.4,3.8,0.413,0.328,0.836,1.0,1,8.72
2017-2018,Wolves,Chris Johnson,66,2270.4,16.8,5.0,5.5,0.526,0.334,0.8,2.3,12,11.25
2017-2018,Kings,Chris Johnson,79,2243.6,2.3,0.0,3.5,0.401,0.223,0.654,1.4,17,4.7
2017-2018,Kings,Anthony Williams,79,2441.1,9.3,5.6,3.6,0.502,0.357,0.863,3.0,16,8.15
2017-2018,Kings,James Jackson,63,2110.5,7.0,0.0,0.0,0.394,0.413,0.746,2.2,9,4.94
2017-2018,Kings,Chris Davis,60,1308.0,11.4,4.0,3.8,0.47,0.344,0.66,3.3,11,8.03
2017-2018,Kings,Chris Brown,65,2444.0,18.4,5.8,3.0,0.449,0.379,0.813,4.1,29,9.72
2017-2018,Kings,Chris Wilson,67,1011.7,5.3,9.9,4.4,0.48,0.347,0.685,4.0,7,7.25
2017-2018,Raptors,Chris Brown,55,1771.0,9.4,0.6,3.9,0.35,0.293,0.611,0.3,11,7.07
2017-2018,Raptors,Chris Thomas,45,859.5,12.0,2.9,7.0,0.578,0.291,0.825,2.9,6,9.91
2017-2018,Raptors,Chris Martinez,50,1395.0,10.8,3.2,3.9,0.397,0.268,0.789,2.5,4,7.38
2017-2018,Raptors,Chris Gonzalez,74,1287.6,8.0,3.7,1.7,0.41,0.5,0.712,4.9,18,5.13
2017-2018,Raptors,Anthony Gonzalez,65,2008.5,29.7,1.5,0.8,0.397,0.363,0.642,2.0,24,12.34
2017-2018,Raptors,Anthony Hernandez,66,1729.2,7.7,7.2,1.3,0.579,0.5,0.801,2.0,20,8.8
2017-2018,Bulls,James Thomas,59,2206.6,8.3,5.5,1.8,0.503,0.403,0.661,2.3,1,7.83
2017-2018,Bulls,Chris Taylor,59,1646.1,24.9,5.5,1.5,0.428,0.434,0.72,3.3,8,11.5
2017-2018,Bulls,Anthony Garcia,55,1380.5,0.7,0.0,2.8,0.445,0.381,0.773,4.8,11,2.82
2017-2018,Bulls,Anthony Wilson,51,1086.3,12.0,3.2,0.5,0.446,0.356,0.908,0.9,8,8.35
2017-2018,Bulls,Chris Lopez,80,2400.0,5.5,2.4,0.6,0.455,0.442,0.91,0.3,22,6.65
2017-2018,Bulls,Chris Garcia,66,1742.4,9.1,0.0,4.3,0.358,0.3,0.813,0.3,4,7.02
2017-2018,Mavericks,Anthony Wilson,62,1488.0,3.2,2.8,0.2,0.596,0.358,0.775,2.7,18,6.17
2017-2018,Mavericks,Anthony Davis,74,2545.6,7.6,3.6,4.5,0.413,0.36,0.812,2.9,1,6.58
2017-2018,Mavericks,James Thomas,72,1915.2,17.0,6.8,6.2,0.545,0.468,0.895,2.3,14,12.0
2017-2018,Mavericks,James Smith,73,2365.2,9.8,5.7,2.9,0.39,0.463,0.784,4.5,2,6.31
2017-2018,Mavericks,Chris Garcia,59,1663.8,20.0,5.7,3.6,0.371,0.267,0.806,0.4,8,11.37
2017-2018,Mavericks,James Brown,70,1547.0,23.2,8.2,0.0,0.385,0.18,0.717,2.9,11,11.0
2017-2018,Heat,Anthony Brown,70,2338.0,0.0,7.2,5.8,0.527,0.5,0.857,1.4,22,7.17
2017-2018,Heat,James Wilson,59,1681.5,17.8,5.8,5.7,0.62,0.269,0.754,2.4,9,12.64
2017-2018,Heat,Anthony Martinez,64,2092.8,16.5,5.2,3.3,0.434,0.472,0.913,3.2,5,9.39
2017-2018,Heat,Anthony Smith,62,1810.4,5.4,4.7,3.0,0.526,0.32,0.873,0.9,7,7.97
2017-2018,Heat,Chris Garcia,61,1726.3,0.0,5.9,6.4,0.496,0.343,0.693,0.3,2,7.27
2017-2018,Heat,James Williams,63,2520.0,0.0,6.6,1.6,0.427,0.285,0.671,2.2,14,4.81
2017-2018,Nets,Anthony Rodriguez,65,2346.5,12.9,9.2,2.0,0.373,0.337,0.555,3.1,6,8.29
2017-2018,Nets,Chris Smith,58,1873.4,12.8,3.2,0.0,0.541,0.418,0.944,1.3,3,9.24
2017-2018,Nets,Anthony Jones,74,1990.6,16.4,9.4,3.8,0.462,0.378,0.649,3.3,23,10.53
2017-2018,Nets,James Brown,70,1323.0,11.2,8.8,1.9,0.533,0.364,0.837,1.5,14,10.08
2017-2018,Nets,Chris Moore,69,1483.5,13.9,0.0,1.8,0.488,0.45,0.818,0.3,20,9.26
2017-2018,Nets,James Martinez,53,1680.1,4.3,2.2,1.1,0.46,0.344,0.821,2.0,2,5.55
2017-2018,Jazz,Chris Jones,82,2304.2,14.7,8.6,2.7,0.404,0.43,0.786,2.2,9,9.61
2017-2018,Jazz,Chris Martinez,47,1381.8,18.3,3.8,5.9,0.401,0.276,0.775,1.9,13,10.49
2017-2018,Jazz,Chris Smith,57,2063.4,25.8,4.4,5.5,0.376,0.446,0.864,3.0,11,11.98
2017-2018,Jazz,James Thomas,35,843.5,7.6,1.6,3.2,0.421,0.294,0.695,1.1,10,6.9
2017-2018,Jazz,James Wilson,58,1444.2,8.8,5.5,3.9,0.28,0.442,0.895,0.7,5,6.97
2017-2018,Jazz,Anthony Davis,60,1410.0,13.6,0.0,0.8,0.558,0.286,0.879,2.4,1,8.62
2018-2019,Lions,Chris Johnson,56,1797.6,13.9,7.2,0.4,0.43,0.311,0.691,2.7,16,8.64
2018-2019,Lions,James Jackson,61,2263.1,6.5,9.0,4.1,0.364,0.5,0.744,3.4,13,6.51
2018-2019,Lions,Anthony Garcia,68,2271.2,17.9,3.5,4.1,0.482,0.377,0.764,2.3,26,10.56
2018-2019,Lions,Anthony Rodriguez,62,2182.4,7.7,1.9,9.6,0.488,0.405,0.828,3.7,14,7.64
2018-2019,Lions,Chris Garcia,73,1576.8,18.9,3.8,4.3,0.33,0.41,0.601,1.7,2,9.74
2018-2019,Lions,Chris Jackson,71,2016.4,6.6,8.8,1.2,0.28,0.401,0.639,1.0,10,6.28
2018-2019,Hawks,James Anderson,53,1118.3,26.8,1.9,2.4,0.424,0.326,0.83,3.1,8,11.59
2018-2019,Hawks,James Davis,52,1851.2,11.3,9.7,0.0,0.464,0.5,0.752,1.7,11,9.12
2018-2019,Hawks,Anthony Williams,59,1539.9,9.6,2.6,5.5,0.482,0.38,0.845,1.7,7,8.47
2018-2019,Hawks,James Smith,58,1624.0,4.6,3.0,2.0,0.599,0.18,0.766,4.1,12,6.32
2018-2019,Hawks,Anthony Lopez,72,2059.2,7.3,0.0,3.4,0.396,0.296,0.74,4.1,31,4.78
2018-2019,Hawks,James Rodriguez,67,1688.4,3.8,5.9,6.6,0.433,0.18,0.834,3.2,2,6.37
2018-2019,Wolves,James Taylor,67,2345.0,17.4,0.9,5.4,0.435,0.202,0.771,2.8,6,9.43
2018-2019,Wolves,Chris Moore,78,1755.0,8.6,2.5,0.0,0.38,0.303,0.77,0.3,21,6.73
2018-2019,Wolves,Chris Smith,72,2527.2,1.6,3.6,4.9,0.522,0.478,0.788,1.9,3,6.45
2018-2019,Wolves,James Thomas,75,1890.0,12.2,4.4,0.0,0.393,0.396,0.776,2.6,20,7.17
2018-2019,Wolves,Anthony Johnson,56,1394.4,11.0,6.8,2.5,0.325,0.344,0.839,3.6,12,6.61
2018-2019,Wolves,Chris Brown,50,1280.0,15.3,7.1,4.0,0.432,0.429,0.729,2.2,13,10.03
2018-2019,Kings,Chris Jackson,44,1161.6,9.5,5.1,2.9,0.488,0.238,0.736,2.4,5,8.13
2018-2019,Kings,Anthony Smith,75,1762.5,13.0,4.2,1.0,0.454,0.255,0.745,2.0,4,8.48
2018-2019,Kings,James Martin,71,2101.6,15.7,4.5,0.7,0.45,0.41,0.685,0.7,12,9.9
2018-2019,Kings,Chris Jones,61,1701.9,10.0,5.0,5.4,0.488,0.364,0.691,1.1,17,9.41
2018-2019,Kings,Anthony Hernandez,60,1332.0,26.7,9.1,2.8,0.374,0.418,0.741,3.1,9,12.58
2018-2019,Kings,Chris Lopez,81,2016.9,28.6,5.1,5.8,0.412,0.255,0.596,3.5,16,13.13
2018-2019,Raptors,Chris Miller,80,2360.0,9.2,4.5,3.2,0.333,0.5,0.822,2.3,20,6.48
2018-2019,Raptors,Chris Brown,72,1958.4,7.6,6.3,3.8,0.393,0.474,0.803,2.9,24,6.78
2018-2019,Raptors,Chris Davis,65,1943.5,17.7,2.3,3.1,0.459,0.284,0.95,0.3,4,10.83
2018-2019,Raptors,Chris Wilson,78,2519.4,4.8,6.3,5.9,0.448,0.5,0.642,2.8,24,6.96
2018-2019,Raptors,Anthony Williams,73,1956.4,10.0,5.8,4.6,0.492,0.443,0.698,1.7,7,9.15
2018-2019,Raptors,Chris Thomas,61,2080.1,12.8,12.3,3.4,0.454,0.368,0.729,1.9,19,10.57
2018-2019,Bulls,James Williams,64,1708.8,13.3,1.1,2.6,0.502,0.411,0.758,2.3,7,8.6
2018-2019,Bulls,Chris Smith,72,1980.0,10.1,3.4,2.9,0.419,0.413,0.748,3.9,24,6.53
2018-2019,Bulls,James Lopez,56,1590.4,7.4,3.5,7.0,0.428,0.389,0.823,0.8,6,8.2
2018-2019,Bulls,Chris Miller,52,1180.4,0.0,6.1,7.1,0.46,0.247,0.729,1.4,5,6.54
2018-2019,Bulls,James Rodriguez,73,2401.7,3.9,6.7,6.1,0.583,0.5,0.708,5.4,12,6.86
2018-2019,Bulls,James Martin,59,1770.0,7.9,5.7,0.4,0.433,0.463,0.775,2.2,14,6.82
2018-2019,Mavericks,James Smith,66,2112.0,4.6,7.4,0.3,0.475,0.363,0.639,2.1,15,6.62
2018-2019,Mavericks,Chris Smith,58,1270.2,15.4,5.6,3.5,0.451,0.315,0.95,1.6,6,10.15
2018-2019,Mavericks,James Williams,65,1748.5,9.7,10.1,0.7,0.453,0.275,0.737,4.1,14,7.55
2018-2019,Mavericks,James Moore,67,1500.8,9.0,10.0,4.0,0.426,0.395,0.801,1.0,10,9.26
2018-2019,Mavericks,Anthony Moore,82,2492.8,1.0,6.0,5.6,0.387,0.323,0.896,2.0,15,5.49
2018-2019,Mavericks,James Miller,51,1754.4,10.7,0.0,0.0,0.411,0.274,0.707,4.8,13,4.92
2018-2019,Heat,James Martinez,81,1611.9,16.7,6.5,5.3,0.454,0.431,0.76,1.0,8,11.41
2018-2019,Heat,Chris Hernandez,50,1270.0,14.2,3.9,3.4,0.536,0.319,0.95,2.9,9,9.63
2018-2019,Heat,Anthony Davis,62,1364.0,11.8,0.0,5.5,0.28,0.363,0.688,1.2,8,6.84
2018-2019,Heat,Anthony Williams,82,1754.8,18.4,8.0,0.0,0.407,0.479,0.675,3.4,16,9.49
2018-2019,Heat,James Jones,64,1817.6,14.4,1.6,2.5,0.476,0.374,0.808,1.1,16,9.35
2018-2019,Heat,Anthony Johnson,66,1221.0,8.3,1.8,1.2,0.417,0.409,0.73,2.3,13,6.11
2018-2019,Nets,James Thomas,71,1924.1,12.2,4.0,5.2,0.45,0.38,0.734,3.4,22,8.3
2018-2019,Nets,Chris Hernandez,64,1568.0,0.7,1.9,0.0,0.386,0.389,0.776,4.8,10,2.05
2018-2019,Nets,Chris Jones,60,2064.0,0.0,0.1,4.3,0.436,0.346,0.705,2.3,7,4.09
2018-2019,Nets,Anthony Jones,65,1365.0,10.7,10.6,2.2,0.441,0.344,0.794,2.6,14,8.88
2018-2019,Nets,Chris Brown,67,1802.3,12.7,3.9,0.0,0.62,0.418,0.702,2.3,4,9.64
2018-2019,Nets,Chris Jackson,60,1146.0,11.6,0.0,3.8,0.498,0.294,0.793,0.9,15,8.77
2018-2019,Jazz,James Hernandez,32,953.6,12.0,4.9,3.1,0.357,0.405,0.831,2.8,9,7.37
2018-2019,Jazz,Chris Taylor,71,1810.5,11.5,4.8,3.2,0.52,0.411,0.946,4.6,14,7.95
2018-2019,Jazz,Chris Gonzalez,26,920.4,8.2,2.1,2.2,0.419,0.409,0.655,0.7,6,7.16
2018-2019,Jazz,James Taylor,71,2257.8,6.5,1.6,2.0,0.467,0.479,0.616,1.7,4,6.49
2018-2019,Jazz,James Moore,48,1622.4,15.8,5.8,4.8,0.416,0.325,0.95,1.7,13,10.17
2018-2019,Jazz,Chris Miller,65,1098.5,0.0,2.8,5.1,0.505,0.433,0.701,3.9,6,4.68
2019-2020,Lions,Anthony Anderson,80,2600.0,12.7,0.0,2.5,0.565,0.465,0.817,1.1,16,9.41
2019-2020,Lions,Anthony Garcia,72,2419.2,14.2,7.1,2.9,0.443,0.323,0.814,3.2,19,9.09
2019-2020,Lions,Chris Garcia,52,1092.0,19.7,5.0,3.4,0.464,0.5,0.744,3.3,11,10.58
2019-2020,Lions,James Garcia,48,1108.8,7.8,7.8,5.5,0.475,0.318,0.707,3.4,3,8.05
2019-2020,Lions,James Martin,63,2520.0,8.4,0.7,0.0,0.618,0.388,0.71,1.8,8,7.94
2019-2020,Lions,Chris Thomas,46,1504.2,12.2,6.6,3.0,0.459,0.181,0.853,0.7,5,9.82
2019-2020,Hawks,James Hernandez,67,897.8,10.7,3.9,0.3,0.385,0.425,0.798,2.1,15,6.85
2019-2020,Hawks,Chris Lopez,65,2307.5,12.9,0.1,6.3,0.476,0.313,0.68,2.5,12,8.66
2019-2020,Hawks,Chris Williams,80,2072.0,6.1,7.2,4.9,0.462,0.414,0.777,2.3,25,7.72
2019-2020,Hawks,James Moore,71,1917.0,21.5,0.0,7.1,0.331,0.31,0.777,1.8,21,10.28
2019-2020,Hawks,Anthony Moore,54,1598.4,8.0,5.4,2.9,0.457,0.316,0.739,2.3,15,7.48
2019-2020,Hawks,Anthony Anderson,59,1345.2,16.3,4.4,4.7,0.387,0.218,0.737,1.1,11,10.03
2019-2020,Wolves,Anthony Rodriguez,65,1963.0,12.5,3.5,3.7,0.421,0.355,0.873,1.4,15,8.7
2019-2020,Wolves,Chris Moore,40,1076.0,8.6,4.9,2.5,0.46,0.33,0.811,0.3,8,8.51
2019-2020,Wolves,Anthony Taylor,55,1925.0,5.3,7.5,3.0,0.322,0.29,0.848,2.9,3,5.46
2019-2020,Wolves,Chris Hernandez,80,2232.0,18.2,0.9,2.1,0.479,0.335,0.546,1.8,0,9.95
2019-2020,Wolves,Anthony Smith,54,1058.4,19.9,8.8,3.7,0.434,0.362,0.871,0.3,4,12.66
2019-2020,Wolves,Anthony Martinez,75,2647.5,16.1,1.4,5.0,0.545,0.417,0.58,2.1,19,10.51
2019-2020,Kings,James Martinez,74,2168.2,0.0,4.6,5.5,0.487,0.396,0.642,1.1,17,6.34
2019-2020,Kings,Chris Williams,69,2435.7,11.0,5.7,3.0,0.381,0.18,0.814,2.2,9,7.75
2019-2020,Kings,James Taylor,48,1526.4,10.1,6.2,6.7,0.3,0.304,0.763,3.7,1,6.76
2019-2020,Kings,Anthony Johnson,82,2361.6,11.3,3.9,2.1,0.523,0.275,0.808,1.5,10,9.07
2019-2020,Kings,Anthony Taylor,82,2501.0,16.3,7.9,0.2,0.573,0.18,0.718,1.4,21,11.54
2019-2020,Kings,James Smith,67,1809.0,11.9,1.6,0.0,0.501,0.415,0.907,1.1,18,8.35
2019-2020,Raptors,Anthony Brown,54,1695.6,15.9,4.1,4.6,0.368,0.332,0.912,2.1,11,9.14
2019-2020,Raptors,Anthony Martinez,82,1607.2,17.6,9.5,2.4,0.51,0.281,0.725,2.5,22,11.51
2019-2020,Raptors,Anthony Rodriguez,76,2842.4,11.5,8.1,2.3,0.513,0.377,0.816,2.5,3,9.41
2019-2020,Raptors,Chris Taylor,53,1515.8,0.2,7.0,4.7,0.473,0.27,0.89,4.4,11,4.93
2019-2020,Raptors,Chris Jackson,70,2044.0,15.7,4.1,2.9,0.513,0.5,0.668,1.9,5,10.29
2019-2020,Raptors,Anthony Williams,80,1960.0,1.9,6.4,6.5,0.496,0.376,0.813,3.7,9,6.26
2019-2020,Bulls,Chris Jones,68,714.0,4.8,0.0,6.1,0.438,0.379,0.752,3.3,19,5.39
2019-2020,Bulls,Anthony Moore,62,2374.6,13.3,0.1,3.2,0.486,0.349,0.747,4.1,5,7.46
2019-2020,Bulls,James Hernandez,37,1394.9,3.4,3.6,2.2,0.536,0.475,0.677,3.6,12,5.74
2019-2020,Bulls,Anthony Taylor,65,2184.0,19.2,3.7,2.7,0.491,0.23,0.752,0.6,22,11.65
2019-2020,Bulls,James Thomas,61,1811.7,10.5,3.6,3.4,0.399,0.344,0.764,1.5,14,7.79
2019-2020,Bulls,Anthony Williams,60,2262.0,16.4,0.5,4.1,0.402,0.371,0.722,0.3,11,9.71
2019-2020,Mavericks,Anthony Martinez,48,1224.0,8.4,7.0,4.4,0.442,0.314,0.645,2.0,5,8.22
2019-2020,Mavericks,James Williams,54,1814.4,17.8,3.0,0.0,0.392,0.439,0.817,1.4,11,9.16
2019-2020,Mavericks,James Miller,44,664.4,25.8,6.0,3.0,0.422,0.219,0.859,0.6,11,13.46
2019-2020,Mavericks,Chris Rodriguez,66,1828.2,2.9,0.6,3.8,0.456,0.364,0.803,0.3,19,6.16
2019-2020,Mavericks,James Moore,61,2135.0,0.0,6.2,4.1,0.346,0.309,0.695,3.0,14,4.02
2019-2020,Mavericks,Chris Jones,80,2336.0,17.1,8.0,4.1,0.423,0.314,0.774,3.0,9,10.28
2019-2020,Heat,James Garcia,50,1530.0,8.0,0.0,1.5,0.486,0.215,0.831,2.3,8,6.41
2019-2020,Heat,Anthony Gonzalez,48,897.6,9.2,1.1,2.3,0.513,0.338,0.756,1.6,14,7.77
2019-2020,Heat,James Lopez,77,2348.5,13.0,5.2,5.9,0.483,0.482,0.746,0.4,10,10.75
2019-2020,Heat,Chris Davis,59,2218.4,17.2,2.6,4.6,0.441,0.491,0.753,0.3,10,10.86
2019-2020,Heat,Anthony Thomas,61,1213.9,16.1,8.8,0.8,0.518,0.311,0.778,1.8,12,11.03
2019-2020,Heat,Chris Miller,69,1511.1,21.1,6.0,4.7,0.395,0.271,0.875,0.6,14,12.12
2019-2020,Nets,James Hernandez,49,1445.5,6.4,0.0,2.4,0.446,0.342,0.799,1.7,10,6.01
2019-2020,Nets,Chris Gonzalez,66,1834.8,10.8,1.8,4.2,0.43,0.331,0.821,2.3,8,7.59
2019-2020,Nets,Chris Hernandez,77,1609.3,4.8,6.5,6.5,0.41,0.393,0.685,0.9,24,7.69
2019-2020,Nets,James Thomas,68,2380.0,19.6,0.0,0.6,0.469,0.224,0.696,3.7,9,8.84
2019-2020,Nets,Anthony Moore,72,2001.6,7.2,0.0,3.5,0.552,0.308,0.785,0.3,9,8.23
2019-2020,Nets,Chris Davis,68,2210.0,15.9,0.0,2.1,0.382,0.335,0.771,3.3,15,7.36
2019-2020,Jazz,Chris Jones,77,3080.0,13.7,5.3,0.0,0.413,0.345,0.864,1.3,21,8.65
2019-2020,Jazz,Chris Miller,64,1721.6,13.7,3.3,2.1,0.331,0.34,0.742,1.4,15,7.8
2019-2020,Jazz,Chris Gonzalez,71,2087.4,19.0,6.2,2.4,0.418,0.385,0.826,3.7,22,9.75
2019-2020,Jazz,James Hernandez,59,1616.6,16.7,7.7,4.9,0.446,0.26,0.7,2.3,13,10.84
2019-2020,Jazz,James Gonzalez,54,1528.2,16.4,1.0,5.2,0.424,0.461,0.737,0.8,8,10.0
2019-2020,Jazz,James Wilson,64,1644.8,10.5,5.5,2.7,0.445,0.223,0.811,1.9,23,8.29
